Index,Customer Id,First Name,Last Name,Company,City,Country,Phone 1,Phone 2,Email,Subscription Date,Website
1,DD37Cf93aecA6Dc,Sheryl,Baxter,Rasmussen Group,East Leonard,Chile,*******154,**********718,z************@s****.info,2020-08-24,http://www.stephenson.com/
2,1Ef7b82A4CAAD10,Preston,Lozano,Vega-Gentry,East Jimmychester,Djibouti,*******776,**********944,v****@c****.com,2021-04-23,http://www.hobbs.com/
3,6F94879bDAfE5a6,Roy,Berry,Murillo-Perry,Isabelborough,Antigua and Barbuda,********259,************947,b********@h****.com,2020-03-25,http://www.lawrence.com/
4,5Cef8BFA16c5e3c,Linda,Olsen,"Dominguez, Mcmillan and Donovan",Bensonview,Dominican Republic,***************895,********756,s***************@b*****.org,2020-06-02,http://www.good-lyons.com/
5,053d585Ab6b3159,Joanna,Bender,"Martin, Lang and Andrade",West Priscilla,Slovakia (Slovak Republic),***************146,**************486,c************@m****.net,2021-04-17,https://goodwin-ingram.com/
6,2d08FB17EE273F4,Aimee,Downs,Steele Group,Chavezborough,Bosnia and Herzegovina,************321,*******637,l******@g******.com,2020-02-25,http://www.berger.net/
7,EA4d384DfDbBf77,Darren,Peck,"Lester, Woodard and Mitchell",Lake Ana,Pitcairn Islands,***********291,************995,t*****@c*******.com,2021-08-24,https://www.le.com/
8,0e04AFde9f225dE,Brett,Mullen,"Sanford, Davenport and Giles",Kimport,Bulgaria,*************297,**********369,a****@c****.com,2021-04-12,https://hammond-ramsey.com/
9,C2dE4dEEc489ae0,Sheryl,Meyers,Browning-Simon,Robersonstad,Cyprus,***********772,***********729,m********@r********.org,2020-01-13,https://www.bullock.net/
10,8C2811a503C7c5a,Michelle,Gallagher,Beck-Hendrix,Elaineberg,Timor-Leste,**********459,*************617,m****@e******.net,2021-11-08,https://arias.com/
11,216E205d6eBb815,Carl,Schroeder,"Oconnell, Meza and Everett",Shannonville,Guernsey,**********825,**********788,k********@w***.com,2021-10-20,https://simmons-hurley.com/
12,CEDec94deE6d69B,Jenna,Dodson,"Hoffman, Reed and Mcclain",East Andrea,Vietnam,*******846,*************608,m*****@r******.com,2020-11-29,http://www.douglas.net/
13,e35426EbDEceaFF,Tracey,Mata,Graham-Francis,South Joannamouth,Togo,**********787,*******773,a*****@w****.org,2021-12-02,http://www.beck.com/
14,A08A8aF8BE9FaD4,Kristine,Cox,Carpenter-Cook,Jodyberg,Sri Lanka,************152,************074,h************@c*****.com,2021-02-08,https://www.brandt.com/
15,6fEaA1b7cab7B6C,Faith,Lutz,Carter-Hancock,Burchbury,Singapore,***********306,*******665,c************@b**************.net,2022-01-26,http://stevenson.org/
16,8cad0b4CBceaeec,Miranda,Beasley,Singleton and Sons,Desireeshire,Oman,**********185,*************881,v******@p**********.com,2022-04-12,http://acosta.org/
17,a5DC21AE3a21eaA,Caroline,Foley,Winters-Mendoza,West Adriennestad,Western Sahara,***********924,*************359,h************@w***************.com,2021-03-10,http://www.benson-roth.com/
18,F8Aa9d6DfcBeeF8,Greg,Mata,Valentine LLC,Lake Leslie,Mozambique,*******415,************241,j**********@c******.org,2022-03-26,http://pitts-cherry.com/
19,F160f5Db3EfE973,Clifford,Jacobson,Simon LLC,Harmonview,South Georgia and the South Sandwich Islands,**************469,*******174,j*******@j*******.com,2020-09-24,https://mcconnell.com/
20,0F60FF3DdCd7aB0,Joanna,Kirk,Mays-Mccormick,Jamesshire,French Polynesia,**********711,************543,t**********@s******.net,2021-09-24,https://www.camacho.net/
21,9F9AdB7B8A6f7F2,Maxwell,Frye,Patterson Inc,East Carly,Malta,*******059,***********491,f******@d*********.com,2022-01-12,http://www.roberts.com/
22,FBd0Ded4F02a742,Kiara,Houston,"Manning, Hester and Arroyo",South Alvin,Netherlands,***************611,************684,b***********@w**************.com,2020-09-15,https://www.reid-potts.com/
23,2FB0FAA1d429421,Colleen,Howard,Greer and Sons,Brittanyview,Paraguay,*******151,***********488,r*********@r**********.com,2020-08-19,http://paul.biz/
24,010468dAA11382c,Janet,Valenzuela,Watts-Donaldson,Veronicamouth,Lao People's Democratic Republic,***********538,*******022,s*********@s*****.com,2020-09-08,https://moreno.biz/
25,eC1927Ca84E033e,Shane,Wilcox,Tucker LLC,Bryanville,Albania,************004,*******501,m*******@s*****.com,2021-04-06,https://www.ramos.com/
26,09D7D7C8Fe09aea,Marcus,Moody,Giles Ltd,Kaitlyntown,Panama,*******623,**********566,d***********@n*************.org,2022-05-24,https://www.curry.com/
27,aBdfcF2c50b0bfD,Dakota,Poole,Simmons Group,Michealshire,Belarus,***********720,*******376,s*******@f*****.org,2022-02-20,https://sanford-wilcox.biz/
28,b92EBfdF8a3f0E6,Frederick,Harper,"Hinton, Chaney and Stokes",South Marissatown,Switzerland,************687,*******149,j********@b*****.biz,2022-05-26,https://callahan.org/
29,3B5dAAFA41AFa22,Stefanie,Fitzpatrick,Santana-Duran,Acevedoville,Saint Vincent and the Grenadines,*******286,*************074,w*******@c****.com,2020-07-30,https://meyers.com/
30,EDA69ca7a6e96a2,Kent,Bradshaw,Sawyer PLC,North Harold,Tanzania,***********884,*******153,q*******@b***.com,2020-04-26,http://maynard-ho.com/
31,64DCcDFaB9DFd4e,Jack,Tate,"Acosta, Petersen and Morrow",West Samuel,Zimbabwe,************714,***********784,g********@b***********.com,2021-09-15,http://www.hawkins-ramsey.com/
32,679c6c83DD872d6,Tom,Trujillo,Mcgee Group,Cunninghamborough,Denmark,*******758,*******209,t********@b****.info,2022-01-13,http://www.daniels-klein.com/
33,7Ce381e4Afa4ba9,Gabriel,Mejia,Adkins-Salinas,Port Annatown,Liechtenstein,*******425,************800,c********@j*******.net,2021-04-24,https://patel-hanson.info/
34,A09AEc6E3bF70eE,Kaitlyn,Santana,Herrera Group,New Kaitlyn,United States of America,*******286,************313,g*********@m****.org,2021-09-21,http://pham.com/
35,aA9BAFfBc3710fe,Faith,Moon,"Waters, Chase and Aguilar",West Marthaburgh,Bahamas,************317,********403,w**********@r*************.com,2021-11-03,https://spencer-charles.info/
36,E11dfb2DB8C9f72,Tammie,Haley,"Palmer, Barnes and Houston",East Teresa,Belize,**************087,*******770,h***********@j******.com,2022-01-04,http://evans-simon.com/
37,889eCf90f68c5Da,Nicholas,Sosa,Jordan Ltd,South Hunter,Uruguay,*******042,*******519,f*****@d*****.com,2021-08-10,https://www.fleming-richards.com/
38,7a1Ee69F4fF4B4D,Jordan,Gay,Glover and Sons,South Walter,Solomon Islands,*******020,*******772,t************@h***************.org,2021-02-24,http://www.lee.org/
39,dca4f1D0A0fc5c9,Bruce,Esparza,Huerta-Mclean,Poolefurt,Montenegro,*******424,**************367,p*****@f********.com,2021-10-22,http://www.farley.org/
40,17aD8e2dB3df03D,Sherry,Garza,Anderson Ltd,West John,Poland,*************158,***********766,a****@m*****.com,2021-11-01,http://spence.com/
41,2f79Cd309624Abb,Natalie,Gentry,Monroe PLC,West Darius,Dominican Republic,*******238,*******415,t********@f*****************.com,2020-10-10,http://www.dorsey.biz/
42,6e5ad5a5e2bB5Ca,Bryan,Dunn,Kaufman and Sons,North Jimstad,Burkina Faso,**********565,************881,w*************@p*****.com,2021-09-08,http://www.butler.com/
43,7E441b6B228DBcA,Wayne,Simpson,Perkins-Trevino,East Rebekahborough,Bolivia,***********869,************463,b*************@h*****.com,2020-12-13,https://gillespie-holder.com/
44,D3fC11A9C235Dc6,Luis,Greer,Cross PLC,North Drew,Bulgaria,*************701,***********092,b******@w*****************.com,2022-05-15,https://fletcher-nielsen.com/
45,30Dfa48fe5Ede78,Rhonda,Frost,"Herrera, Shepherd and Underwood",Lake Lindaburgh,Monaco,*******339,************492,z*******@w**********.net,2021-12-06,http://www.khan.com/
46,fD780ED8dbEae7B,Joanne,Montes,"Price, Sexton and Mcdaniel",Gwendolynview,Palau,*******952,***********721,j*****@h*****.net,2020-07-01,http://ochoa.com/
47,300A40d3ce24bBA,Geoffrey,Guzman,Short-Wiggins,Zimmermanland,Uzbekistan,**********269,*******873,b***********@g**.com,2020-04-23,https://decker-kline.com/
48,283DFCD0Dba40aF,Gloria,Mccall,"Brennan, Acosta and Ramos",North Kerriton,Ghana,*******729,**************524,b************@z**********.biz,2022-03-11,http://burgess-frank.com/
49,F4Fc91fEAEad286,Brady,Cohen,Osborne-Erickson,North Eileenville,United Arab Emirates,**********524,************894,m***********@d**********.biz,2022-03-10,http://hammond-barron.com/
50,80F33Fd2AcebF05,Latoya,Mccann,"Hobbs, Garrett and Sanford",Port Sergiofort,Belarus,************481,************790,b*********@b****.biz,2021-12-02,https://www.burton.com/
51,Aa20BDe68eAb0e9,Gerald,Hawkins,"Phelps, Forbes and Koch",New Alberttown,Canada,*************168,*******269,u******@s***********.com,2021-03-19,https://valenzuela.com/
52,e898eEB1B9FE22b,Samuel,Crawford,"May, Goodwin and Martin",South Jasmine,Algeria,*******457,***********578,x*******@r************.net,2021-03-27,https://guerrero.org/
53,faCEF517ae7D8eB,Patricia,Goodwin,"Christian, Winters and Ellis",Cowanfort,Swaziland,************040,*******173,v*************@l***.biz,2021-03-08,http://clark.info/
54,c09952De6Cda8aA,Stacie,Richard,Byrd Inc,New Deborah,Madagascar,***************810,**************891,c********@c**********.org,2020-10-15,https://kim.com/
55,f3BEf3Be028166f,Robin,West,"Nixon, Blackwell and Sosa",Wallstown,Ecuador,*******267,*************525,g************@z********.com,2022-01-13,https://www.mora.com/
56,C6F2Fc6a7948a4e,Ralph,Haas,Montes PLC,Lake Ellenchester,Palestinian Territory,*******999,*************649,g***********@f*******.biz,2020-05-25,http://may.com/
57,c8FE57cBBdCDcb2,Phyllis,Maldonado,Costa PLC,Lake Whitney,Saint Barthelemy,*******767,*************017,y******@w**********.org,2021-01-25,http://www.bernard.com/
58,B5acdFC982124F2,Danny,Parrish,Novak LLC,East Jaredbury,United Arab Emirates,***********794,**********571,h***********@h**********.com,2021-03-17,http://www.parsons-hudson.com/
59,8c7DdF10798bCC3,Kathy,Hill,"Moore, Mccoy and Glass",Selenabury,South Georgia and the South Sandwich Islands,*************310,*******654,n*******@b************.org,2020-11-15,http://hayden.com/
60,C681dDd0cc422f7,Kelli,Hardy,Petty Ltd,Huangfort,Sao Tome and Principe,***********022,*******216,k***********@o*****.com,2020-12-20,http://www.kidd.com/
61,a940cE42e035F28,Lynn,Pham,"Brennan, Camacho and Tapia",East Pennyshire,Portugal,**********611,**********006,m****@r**********.com,2020-08-21,https://www.murphy.com/
62,9Cf5E6AFE0aeBfd,Shelley,Harris,"Prince, Malone and Pugh",Port Jasminborough,Togo,***********373,*************194,z********@m**************.org,2020-12-10,https://www.ryan.com/
63,aEcbe5365BbC67D,Eddie,Jimenez,Caldwell Group,West Kristine,Ethiopia,************306,***********417,k************@b******.com,2022-03-24,http://cherry.com/
64,FCBdfCEAe20A8Dc,Chloe,Hutchinson,Simon LLC,South Julia,Netherlands,*******452,***********060,l*****@s*************.com,2022-05-15,https://mitchell.info/
65,636cBF0835E10ff,Eileen,Lynch,"Knight, Abbott and Hubbard",Helenborough,Liberia,*************578,*************680,l********@v******.com,2021-01-02,http://mckay.com/
66,fF1b6c9E8Fbf1ff,Fernando,Lambert,Church-Banks,Lake Nancy,Lithuania,*******038,*******398,f**********@s*******.net,2021-04-23,https://www.vang.com/
67,2A13F74EAa7DA6c,Makayla,Cannon,Henderson Inc,Georgeport,New Caledonia,***************009,*******460,s**********@h*****.biz,2020-01-20,http://www.velazquez.net/
68,a014Ec1b9FccC1E,Tom,Alvarado,Donaldson-Dougherty,South Sophiaberg,Kiribati,***********258,***********614,n************@m*********.info,2020-08-18,http://odom-massey.com/
69,421a109cABDf5fa,Virginia,Dudley,Warren Ltd,Hartbury,French Southern Territories,************184,************636,z********@p*****.com,2021-01-31,http://hunter-esparza.com/
70,CC68FD1D3Bbbf22,Riley,Good,Wade PLC,Erikaville,Canada,*******822,*******641,a*****@g*******.com,2020-02-03,http://conway.org/
71,CBCd2Ac8E3eBDF9,Alexandria,Buck,Keller-Coffey,Nicolasfort,Iran,************668,************751,l****@m******.com,2021-02-20,https://ramsey.org/
72,Ef859092FbEcC07,Richard,Roth,Conway-Mcbride,New Jasmineshire,Morocco,*******539,*******463,a******@m**************.org,2020-02-23,https://www.brooks.com/
73,F560f2d3cDFb618,Candice,Keller,Huynh and Sons,East Summerstad,Zimbabwe,***************406,***************076,b**********@o*******.net,2020-08-22,https://www.lucero.com/
74,A3F76Be153Df4a3,Anita,Benson,Parrish Ltd,Skinnerport,Russian Federation,************878,***********071,a******@o*******.com,2020-02-09,http://oconnor.com/
75,D01Af0AF7cBbFeA,Regina,Stein,Guzman-Brown,Raystad,Solomon Islands,**************407,***************357,z*******@r***********.net,2022-01-15,http://www.johnston.info/
76,d40e89dCade7b2F,Debra,Riddle,"Chang, Aguirre and Leblanc",Colinhaven,United States Virgin Islands,*************336,*******491,s***********@r*****.com,2020-07-11,http://kaiser.info/
77,BF6a1f9bd1bf8DE,Brittany,Zuniga,Mason-Hester,West Reginald,Kyrgyz Republic,*******025,**************157,m********@c*************.org,2021-07-24,http://www.boyle.com/
78,FfaeFFbbbf280db,Cassidy,Mcmahon,"Mcguire, Huynh and Hopkins",Lake Sherryborough,Myanmar,*******311,***********326,k**********@f*********.com,2020-10-21,https://hurst.com/
79,CbAE1d1e9a8dCb1,Laurie,Pennington,"Sanchez, Marsh and Hale",Port Katherineville,Dominica,**********553,***********277,c********@p*****.com,2020-06-08,http://www.hebert.com/
80,A7F85c1DE4dB87f,Alejandro,Blair,"Combs, Waller and Durham",Thomasland,Iceland,************468,***********329,e************@e****.com,2020-09-19,https://mercado-blevins.com/
81,D6CEAfb3BDbaa1A,Leslie,Jennings,Blankenship-Arias,Coreybury,Micronesia,*******346,*******829,c******@w******.com,2021-11-13,https://www.juarez.com/
82,Ebdb6F6F7c90b69,Kathleen,Mckay,"Coffey, Lamb and Johnson",Lake Janiceton,Saint Vincent and the Grenadines,*******968,***********665,c**********@h****************.com,2021-09-12,http://www.owens-mooney.com/
83,E8E7e8Cfe516ef0,Hunter,Moreno,Fitzpatrick-Lawrence,East Clinton,Isle of Man,*******754,**********121,i******@b************.com,2020-12-28,http://walls.info/
84,78C06E9b6B3DF20,Chad,Davidson,Garcia-Jimenez,South Joshuashire,Oman,*******958,*******715,j************@j******.com,2021-11-15,http://www.garner-oliver.com/
85,03A1E62ADdeb31c,Corey,Holt,"Mcdonald, Bird and Ramirez",New Glenda,Fiji,**************918,*******934,m********@m*****.com,2020-02-18,http://www.watson.com/
86,C6763c99d0bd16D,Emma,Cunningham,Stephens Inc,North Jillianview,New Zealand,************217,***********284,w*******@j*****.org,2022-05-13,http://www.reid.info/
87,ebe77E5Bf9476CE,Duane,Woods,Montoya-Miller,Lyonsberg,Maldives,***********288,***********932,k******@w*****.com,2020-07-21,http://murray.org/
88,E4Bbcd8AD81fC5f,Alison,Vargas,"Vaughn, Watts and Leach",East Cristinabury,Benin,*******144,***********287,v*****@n*****.com,2020-11-10,http://mason.info/
89,efeb73245CDf1fF,Vernon,Kane,Carter-Strickland,Thomasfurt,Yemen,**********555,*******612,h********@b******.info,2021-04-15,http://www.duffy-hensley.net/
90,37Ec4B395641c1E,Lori,Flowers,Decker-Mcknight,North Joeburgh,Namibia,*******210,***********581,t*******@v*********.info,2021-01-09,http://www.deleon-crosby.com/
91,5ef6d3eefdD43bE,Nina,Chavez,Byrd-Campbell,Cassidychester,Bhutan,*******205,***********571,e*********@f****.com,2020-03-26,https://www.pugh.com/
92,98b3aeDcC3B9FF3,Shane,Foley,Rocha-Hart,South Dannymouth,Hungary,********302,***************073,n******@s*****.com,2021-07-06,https://www.holt-sparks.com/
93,aAb6AFc7AfD0fF3,Collin,Ayers,Lamb-Peterson,South Lonnie,Anguilla,**********012,**************516,d**********@g*******.biz,2021-06-29,http://www.ruiz.com/
94,54B5B5Fe9F1B6C5,Sherry,Young,"Lee, Lucero and Johnson",Frankchester,Solomon Islands,*******764,**********003,a*****@g***************.com,2021-04-04,https://travis.net/
95,BE91A0bdcA49Bbc,Darrell,Douglas,"Newton, Petersen and Mathis",Daisyborough,Mali,**************777,**********303,g*******@l**********.com,2022-02-17,https://banks.biz/
96,cb8E23e48d22Eae,Karl,Greer,Carey LLC,East Richard,Guyana,************692,*************614,h****@j*****.com,2022-01-30,http://hayes-perez.com/
97,CeD220bdAaCfaDf,Lynn,Atkinson,"Ware, Burns and Oneal",New Bradview,Sri Lanka,********218,*******198,v****@f******.com,2021-07-10,https://novak-allison.com/
98,28CDbC0dFe4b1Db,Fred,Guerra,Schmitt-Jones,Ortegaland,Solomon Islands,************170,*************121,s******@k***.org,2021-09-18,https://www.ross.com/
99,c23d1D9EE8DEB0A,Yvonne,Farmer,Fitzgerald-Harrell,Lake Elijahview,Aruba,*******786,***************424,m**************@h*********.biz,2021-08-11,http://watkins.info/
100,2354a0E336A91A1,Clarence,Haynes,"Le, Nash and Cross",Judymouth,Honduras,*******941,*******472,c********@f*******.biz,2020-03-11,http://www.hatfield-saunders.net/
