Index,User Id,First Name,Last Name,Sex,Email,Phone,Date of birth,Job Title
1,88F7B33d2bcf9f5,Shelby,Terrell,Male,e*******@e******.net,***************518,1945-10-26,Games developer
2,f90cD3E76f1A9b9,Phillip,Summers,Female,b********@e******.com,***********913,1910-03-24,Phytotherapist
3,DbeAb8CcdfeFC2c,Kristine,Travis,Male,b********@e******.com,*******938,1992-07-02,Homeopath
4,A31Bee3c201ef58,Yesenia,Martinez,Male,k************@e******.com,*******111,2017-08-03,Market researcher
5,1bA7A3dc874da3c,Lori,Todd,Male,b*************@e******.net,***********233,1938-12-01,Veterinary surgeon
6,bfDD7CDEF5D865B,Erin,Day,Male,t******@e******.org,**************553,2015-10-28,Waste management officer
7,bE9EEf34cB72AF7,Katherine,Buck,Female,c**********@e******.com,*************162,1989-01-22,Intelligence analyst
8,2EFC6A4e77FaEaC,Ricardo,Hinton,Male,w**********@e******.com,***************612,1924-03-26,Hydrogeologist
9,baDcC4DeefD8dEB,Dave,Farrell,Male,n******@e******.net,************392,2018-10-06,Lawyer
10,8e4FB470FE19bF0,Isaiah,Downs,Male,v**************@e******.org,************206,1964-09-20,"Engineer, site"
11,BF0BbA03C29Bb3b,Sheila,Ross,Female,h*********@e******.com,*******746,2008-03-20,Advertising account executive
12,F738c69fB34E62E,Stacy,Newton,Male,r*******@e******.org,************335,1980-10-20,Warden/ranger
13,C03fDADdAadAdCe,Mandy,Blake,Male,j***********@e******.org,***********947,2007-12-08,"Scientist, clinical (histocompatibility and immunogenetics)"
14,b759b74BD1dE80d,Bridget,Nash,Female,m*********@e******.com,*******359,2004-06-28,Social worker
15,1F0B7D65A00DAF9,Crystal,Farmer,Male,p*******@e******.org,********391,1992-03-09,Agricultural consultant
16,50Bb061cB30B461,Thomas,Knight,Female,b*************@e******.net,********766,2006-02-18,Sport and exercise psychologist
17,D6dbA5308fEC4BC,Maurice,Rangel,Male,s**********@e******.com,*******969,2004-08-20,Secretary/administrator
18,311D775990f066d,Frank,Meadows,Male,g******@e******.org,***********447,2008-09-16,Audiological scientist
19,7F7E1BAcb0C9AFf,Alvin,Paul,Male,g***************@e******.com,************551,1949-05-12,"Teacher, adult education"
20,88473e15D5c3cD0,Jared,Mitchell,Female,j******@e******.com,********781,1921-01-18,Paediatric nurse
21,b31D271F8c200AB,Jacqueline,Norton,Female,c*****@e******.net,************173,1952-10-09,"Scientist, marine"
22,42F4BdA841aBadC,Colleen,Hatfield,Female,f****@e******.org,*******090,1949-10-14,Commercial horticulturist
23,cBbBcA0FCA3C4Bc,Randy,Barnes,Male,h********@e******.org,***************214,1947-12-30,Outdoor activities/education manager
24,f1f89173353aD90,Janice,Rhodes,Female,j**************@e******.net,**************996,1999-11-01,Drilling engineer
25,c5B09fb33e8bA0A,Alfred,Mcneil,Female,c**************@e******.com,************058,1993-05-28,Systems analyst
26,c9F2282C40BEC1E,Sean,Levine,Male,s**********@e******.net,*******504,2010-10-09,"Conservation officer, nature"
27,9c1bc7EC53Fb7cE,Louis,Payne,Male,b********@e******.net,*******307,1916-01-29,Counsellor
28,ddEc50e2A2e3a2B,Brittney,Vega,Female,a********@e******.net,*******686,1932-10-31,Recycling officer
29,66F096D36Ebae11,Judy,Buckley,Male,i*******@e******.net,***************830,1963-07-28,Art gallery manager
30,F0fE2faAd78F8b5,Norman,Weber,Male,m******@e******.com,*******429,1957-05-21,Gaffer
31,5d2feAfbdCAA6B5,Isaiah,Camacho,Female,j*******@e******.org,**********367,1966-04-07,Food technologist
32,cDa5F303fCd6dEa,Jacqueline,Gallagher,Male,n*******@e******.net,*******934,1999-02-25,Building services engineer
33,8Ef7DBfcaB02b6B,Bonnie,Andrews,Female,c********@e******.net,************161,1953-12-21,Seismic interpreter
34,6Dec5b5542F8ed8,Brandon,Schmidt,Female,m******@e******.net,***********006,1931-05-12,"Engineer, biomedical"
35,3Fb8a7f68e12784,Jackson,Sparks,Female,r*************@e******.net,************035,1980-11-18,Set designer
36,035eff50B9A0F24,Melody,Cook,Male,j********@e******.org,*******381,1963-06-25,Research scientist (life sciences)
37,aa614aAE4B7Cf0C,Leonard,Hurst,Male,c********@e******.org,************800,1938-03-13,"Accountant, chartered management"
38,ACcde95AAe3e6cC,Gene,Rich,Female,l*********@e******.org,*************537,1946-08-22,"Surveyor, quantity"
39,b6a35de5CB6fc25,Cynthia,Wiggins,Female,r**********@e******.org,************190,1984-01-27,Outdoor activities/education manager
40,e92A191E345fA3A,Tanya,Mckinney,Female,v***********@e******.com,**********086,2003-03-12,Information systems manager
41,7D0AcBF6CCac3fd,Matthew,Stone,Female,e*******@e******.org,*******360,2017-08-23,"Scientist, clinical (histocompatibility and immunogenetics)"
42,CEFA7BBCef013AE,Kirk,Walsh,Female,s************@e******.org,**************661,2009-04-08,Accounting technician
43,9edBC94aE7cA22a,Willie,Vang,Female,h***********@e******.net,**********067,1978-02-02,Management consultant
44,fFe7BAA737aDbe2,Miguel,Hill,Female,t*******@e******.org,*******945,1930-08-26,Make
45,5F2f3fAca8B0946,Darren,Andrews,Male,l*********@e******.com,*******261,1997-10-04,Retail banker
46,6bFcfc3cc1BC6B4,Haley,Pugh,Female,m******@e******.org,***********453,1980-09-16,Commissioning editor
47,f3BD2cBF7eEb6df,Danielle,Estrada,Female,j****@e******.org,**********772,1930-07-09,"Accountant, chartered management"
48,Ee4eB129dC7913A,Becky,Brady,Male,e**********@e******.org,*******863,1957-06-27,Seismic interpreter
49,dBCEf340C3657Eb,Caitlyn,Frey,Male,r*************@e******.org,************344,1968-01-26,Jewellery designer
50,E47FB71DD9ACCd9,Joshua,Sweeney,Male,d*********@e******.net,**********535,1954-07-28,"Education officer, museum"
51,eA3fDd79BE9f0E7,Heidi,Escobar,Female,s*************@e******.net,***********131,1931-09-25,Estate manager/land agent
52,aF0eE4547Bc025c,Brian,Oconnell,Female,s*******@e******.net,**********733,1911-10-23,Physiotherapist
53,9F5DeD7aD228F5a,Beverly,Esparza,Female,i******@e******.net,************771,1930-12-09,Passenger transport manager
54,D3Fa0220dDE4d36,Nathaniel,Rivas,Female,r********@e******.com,************888,1908-11-17,Call centre manager
55,60FdBFd5e7BE8fF,Debra,Payne,Female,y********@e******.org,***************593,1927-08-20,Special educational needs teacher
56,D8bF5Ab2b98caff,Mackenzie,Rocha,Female,a***********@e******.net,*******458,1980-10-21,Museum/gallery exhibitions officer
57,CD8d33aA25bc8BB,Courtney,Watkins,Female,o*****@e******.org,***********883,2003-12-07,Pension scheme manager
58,Fac3BfFf0A3d03c,Fred,Olsen,Female,a**********@e******.com,*******053,1910-04-10,Archaeologist
59,e552D7ddafe1FFb,Ryan,Nelson,Female,q******@e******.org,*******951,1924-05-02,Historic buildings inspector/conservation officer
60,0f8deedb629A5f6,Grace,Phelps,Male,c***********@e******.net,***********777,1909-10-15,Petroleum engineer
61,bB9e49E506F65ed,Shari,Daugherty,Male,k********@e******.org,**************124,1944-11-24,Curator
62,Ed724605A403D91,Kelli,Garner,Male,j**********@e******.org,***********982,2010-01-17,Retail banker
63,0aBE5ACb18E0c10,Jackie,Bennett,Male,h*************@e******.com,**************087,1915-11-11,Neurosurgeon
64,5D2cb63CaAF53f6,Leslie,Conway,Female,f**************@e******.org,**********555,1983-11-06,Chiropractor
65,Ee6974f90eeCe18,Harold,Barnett,Female,n*******@e******.org,********392,1943-03-15,"Biochemist, clinical"
66,cEf02C076afa07f,Larry,Harper,Male,m******@e******.org,************121,2021-05-05,"Scientist, water quality"
67,9Df5Ba591bF3EFf,Mike,Ward,Female,i**********@e******.com,*******046,1967-11-09,Hydrologist
68,3faB1CBfEFBDdD4,Brittney,Rubio,Female,c******@e******.com,*******528,1959-12-24,"Biochemist, clinical"
69,Ebcefdf75eCb0a9,Frank,Pineda,Male,d***********@e******.net,***********182,1926-03-10,Hospital pharmacist
70,e75e5DBfcb68887,Sandra,Wu,Male,u*****@e******.com,***********067,1925-04-28,Warehouse manager
71,6a53a8D41dDF6de,Ryan,Benton,Male,l**********@e******.org,***********485,2020-10-06,Physiological scientist
72,F0d3bD1aaf9E3Bc,Tamara,Hull,Male,m*******@e******.net,***********944,1933-01-31,English as a second language teacher
73,5bC87340799FBD0,Jean,Ritter,Female,k*********@e******.com,*******066,1985-08-06,Financial trader
74,dBfA17Aaf16b4ab,Veronica,Briggs,Female,w***********@e******.com,*************490,1974-06-08,Structural engineer
75,c935b7Eb6FA0B0F,Kim,Andrews,Female,w********@e******.org,*******383,1990-11-15,"Biochemist, clinical"
76,b3e15e65Ca2CcBf,Tina,Cunningham,Male,w*******@e******.org,*******051,1956-11-29,Race relations officer
77,dade3452F0c32FD,Jonathon,Atkinson,Male,g*********@e******.net,**********932,2011-07-19,"Psychologist, forensic"
78,AdEd6cfD85DeC46,Jermaine,Reid,Female,v****@e******.com,*******691,1974-08-18,Newspaper journalist
79,DAf111987098ae4,Regina,Stevens,Male,x*****@e******.net,*******684,2011-11-28,Public house manager
80,6e6a5b885F6496d,Terrence,Huff,Male,c**********@e******.org,***********416,1944-02-27,Careers information officer
81,12DCb4ED8E01D5C,Tyler,Foley,Female,j**********@e******.org,**************030,1908-09-19,Economist
82,E1cB5cA8CA7CC0a,Andrew,Waters,Male,n****@e******.net,************351,1948-05-14,Jewellery designer
83,AedDfaE8Cf49F07,Reginald,Stephenson,Male,e********@e******.net,***********475,2010-02-08,Contracting civil engineer
84,bff9853aFAeF772,Douglas,Reese,Female,n***********@e******.net,**************864,1961-11-11,Higher education lecturer
85,E883773cA5219Be,Helen,Williamson,Female,m*******@e******.net,**********229,1911-08-11,"Lecturer, further education"
86,CB19EafEbBfF9eC,Mario,Vaughn,Male,o*****@e******.com,************276,1990-07-08,Research scientist (life sciences)
87,5834700fbEd2771,Chelsea,Dickson,Male,j**************@e******.net,***************588,1958-05-13,"Teacher, early years/pre"
88,2b0Ab1Dc9E01D7E,Dustin,Bailey,Male,p******@e******.net,***********345,1908-08-22,Travel agency manager
89,3f3a3D89ad042Dd,Harry,Medina,Female,o*********@e******.net,********805,1947-08-24,Technical sales engineer
90,9425E2F38C408ef,Kathy,Haney,Female,t*******@e******.com,*******456,1955-09-02,Charity fundraiser
91,F0aeC9c2759F3C6,Alison,Nixon,Female,z*****@e******.net,*******871,1941-07-10,Patent attorney
92,d6EA619A7C4aA95,Jamie,Hardy,Female,s************@e******.com,************533,1994-07-17,"Conservator, furniture"
93,2A33E7Cad1bb0F5,Melody,Cox,Female,e*****@e******.org,***********511,1974-07-30,Dance movement psychotherapist
94,d181FFB7d3E68bb,Xavier,Cole,Male,n********@e******.org,*******975,1938-11-29,Financial planner
95,feaBf8dAE0C0d6F,Dillon,Guzman,Female,a************@e******.net,*******521,1942-04-01,Air broker
96,5eFda7caAeB260E,Dennis,Barnes,Female,b******@e******.org,*************257,1954-07-30,Software engineer
97,CCbFce93d3720bE,Steve,Patterson,Female,l********@e******.net,**********157,1932-04-29,Barrister
98,2fEc528aFAF0b69,Wesley,Bray,Male,r*******@e******.org,************800,1994-12-28,Police officer
99,Adc7ad9B6e4A1Fe,Summer,Oconnell,Female,a*************@e******.org,*************092,2012-04-12,Broadcast journalist
100,b8D0aD3490FC7e1,Mariah,Bernard,Male,p********@e******.org,************657,2016-11-15,IT sales professional
